[
    {
        "id" : 1,
        "categoryName": "ESAB INDIA LTD",
        "categorySlug": "esab-india-ltd"
    },
    {
        "id" : 2,
        "categoryName": "BDS MACHINES",
        "categorySlug": "bds-machines"
    },
    {
        "id" : 3,
        "categoryName": "FEIN POWER TOOLS",
        "categorySlug": "fein-power-tools"
    },
    {
        "id" : 4,
        "categoryName": "SUDHA VENTILATING SYSTEMS",
        "categorySlug": "sudha-ventilating-systems"
    },
    {
        "id" : 5,
        "categoryName": "FEIN POWER TOOLS",
        "categorySlug": "fein-power-tools"
    }
]
