[
    {
        "id": 1,
        "subCategorySlug": "manual-arc-welding-equipments",
        "productName": "ARC 200I",
        "productNameSlug": "arc-200-i",
        "productPrice": "2500.00",
        "isFeatureProduct": true,
        "shortDescription": "Sed ut perspiciatis unde omnis iste natus error sit voluptatem accusantium dolorem udantium, totam rem aperiam, eaque ipsa quae abventore veritatis et quasi architecto beatae vitae dicta sunt explicabomo enim ipsam",
        "longDescription": "Sorem ipsum dolor sit amet consectetur adipisicing elit, sed do eiusmod tempor incididunt ut labore et dolore magna aliqua. Ut enim ad minim veniam, quis nostrud exercitation ullamco laboris nisi ut aliquip ex ea commodo consequat. Duis aute irure dolor in reprehenderit in voluptate velit esse cillum dolore eu fugiat nulla pariatur xcepteur sint occaecat cupidatat non proident, sunt.<br></br>    Lorem ipsum dolor sit amet, consectetur adipisicing elit, sed do eiusmod tempor incididunt ut labore et dolore magna aliqua. Ut enim ad minim veniam, quis nostrud exercitation ullamco laboris nisi ut aliquip ex ea commodo consequat. Duis aute irure dolor in reprehenderit in voluptate velit esse cdolore eu fugiat nulla pariatur. Excepteur sint occaecat cupidatat non proident, sunt in culpa qui officia deserunt mollit anim id est laborum. Curabitur pretium tincidunt lacus. Nulla gravida orci a odio. Nullam varius, turpis et commodo pharetra, est eros bibendum elit, nec luctus magna felis sollicitudinInteger in mauris eu nibh euismod gravida. Duis ac tellus et risus vulputate vehicula. Donec lobortis risus a elit. Etiam tempor. Ut ullamcorper",
        "productImage": []
    },
    {
        "id": 1,
        "subCategorySlug": "gas-equipments",
        "productName": "CUTTING BLOWPIPE",
        "productNameSlug": "cutting-blowpipe",
        "productPrice": "2800.00",
        "isFeatureProduct": true,
        "shortDescription": "Sed ut perspiciatis unde omnis iste natus error sit voluptatem accusantium dolorem udantium, totam rem aperiam, eaque ipsa quae abventore veritatis et quasi architecto beatae vitae dicta sunt explicabomo enim ipsam",
        "longDescription": "Sorem ipsum dolor sit amet consectetur adipisicing elit, sed do eiusmod tempor incididunt ut labore et dolore magna aliqua. Ut enim ad minim veniam, quis nostrud exercitation ullamco laboris nisi ut aliquip ex ea commodo consequat. Duis aute irure dolor in reprehenderit in voluptate velit esse cillum dolore eu fugiat nulla pariatur xcepteur sint occaecat cupidatat non proident, sunt.",
        "productImage": [
            "cutting-blowpipe-1.jpg",
            "cutting-blowpipe-2.jpg"
        ]
    },
    {
        "id": 1,
        "subCategorySlug": "gas-equipments",
        "productName": "FLASHBACK ARRESTORS",
        "productNameSlug": "flashback-arrestors",
        "productPrice": "280.00",
        "isFeatureProduct": true,
        "shortDescription": "Sed ut perspiciatis unde omnis iste natus error sit voluptatem accusantium dolorem udantium.",
        "longDescription": "Ut enim ad minim veniam, quis nostrud exercitation ullamco laboris nisi ut aliquip ex ea commodo consequat. Duis aute irure dolor in reprehenderit in voluptate velit esse cdolore eu fugiat nulla pariatur. Excepteur sint occaecat cupidatat non proident, sunt in culpa qui officia deserunt mollit anim id est laborum. Curabitur pretium tincidunt lacus. Nulla gravida orci a odio. Nullam varius, turpis et commodo pharetra, est eros bibendum elit, nec luctus magna felis sollicitudinInteger in mauris eu nibh euismod gravida. Duis ac tellus et risus vulputate vehicula. Donec lobortis risus a elit. Etiam tempor. Ut ullamcorper",
        "productImage": [
            "flashback-arrestors-1.jpg"
        ]
    }
]