[
    {
        "id": "1",
        "subCatId": 1,
        "subCategoryName": "MANUAL ARC WELDING EQUIPMENTS",
        "subCategorySlug": "manual-arc-welding-equipments",
        "subCategoryMenu": [
            {
                "id": "1",
                "subCatId": 1,
                "subCategoryName": "ARC 200I",
                "subCategorySlug": "arc-200-i"
            },
            {
                "id": "2",
                "subCatId": 1,
                "subCategoryName": "ARC 250I",
                "subCategorySlug": "arc-250-i"
            },
            {
                "id": "3",
                "subCatId": 1,
                "subCategoryName": "ARC 300I",
                "subCategorySlug": "arc-300-i"
            },
            {
                "id": "4",
                "subCatId": 1,
                "subCategoryName": "ARC 400I",
                "subCategorySlug": "arc-400-i"
            },
            {
                "id": "5",
                "subCatId": 1,
                "subCategoryName": "ARC 601I",
                "subCategorySlug": "arc-601-i"
            }
        ]
    },
    {
        "id": "2",
        "subCatId": 1,
        "subCategoryName": "MIG WELDING EQUIPMENT",
        "subCategorySlug": "mig-welding-equipment"
    },
    {
        "id": "3",
        "subCatId": 1,
        "subCategoryName": "TIG WELDING EQUIPMENT",
        "subCategorySlug": "tig-welding-equipment"
    },
    {
        "id": "4",
        "subCatId": 1,
        "subCategoryName": "PPE AND ACCESSORIES",
        "subCategorySlug": "ppe-and-accessories"
    },
    {
        "id": "5",
        "subCatId": 1,
        "subCategoryName": "ADVANCE SYNERGIC MULTI PROCESS EQUIPMENT",
        "subCategorySlug": "advance-synergic-multi-process-equipment"
    },
    {
        "id": "6",
        "subCatId": 1,
        "subCategoryName": "GAS EQUIPMENTS",
        "subCategorySlug": "gas-equipments",
        "subCategoryMenu": [
            {
                "id": "1",
                "subCatId": 6,
                "subCategoryName": "CUTTING BLOWPIPE",
                "subCategorySlug": "cutting-blowpipe"
            },
            {
                "id": "2",
                "subCatId": 6,
                "subCategoryName": "HOSE PIPES",
                "subCategorySlug": "hose-pipes"
            },
            {
                "id": "3",
                "subCatId": 6,
                "subCategoryName": "FLASHBACK ARRESTORS",
                "subCategorySlug": "flashback-arrestors"
            },
            {
                "id": "4",
                "subCatId": 6,
                "subCategoryName": "GAS REGULATORS",
                "subCategorySlug": "gas-regulators"
            },
            {
                "id": "5",
                "subCatId": 6,
                "subCategoryName": "HIGH PRESSURE GAS REGULATORS",
                "subCategorySlug": "high-pressure-gas-regulators"
            },
            {
                "id": "6",
                "subCatId": 6,
                "subCategoryName": "SPECIAL APPLICATION REGULATORS",
                "subCategorySlug": "special-application-regulators"
            },
            {
                "id": "7",
                "subCatId": 6,
                "subCategoryName": "PUG CUTTING MACHINES",
                "subCategorySlug": "pug-cutting-machines"
            }
        ]
    },
    {
        "id": "7",
        "subCatId": 1,
        "subCategoryName": "CNC CUTTING MACHINES",
        "subCategorySlug": "cnc-cutting-machines"
    },
    {
        "id": "8",
        "subCatId": 1,
        "subCategoryName": "WELDING AUTOMATION",
        "subCategorySlug": "welding-automation"
    },
    {
        "id": "9",
        "subCatId": 1,
        "subCategoryName": "WELDING CONSUMABLES - FILLER METALS",
        "subCategorySlug": "welding-consumables-filler-metals"
    }
]
